"Ключевое слово";"Результатов в Яндексе";"Слов";"Символов";"Частотность Весь мир";"""!Частотность !Весь !мир""";"Количество найденных доменов в Яндексе по слову";"Средняя позиция в Яндексе";"Позиция в Яндексе magazinmagaz.ru"
"senbono s908";5000000;2;12;47;28;1;1;1
"57bygh603";2000;1;9;14;13;1;5;5
"cm601 cmi";13000000;2;9;25;25;1;5;5
"tsumv39lu";725;1;9;26;7;1;4;4
"xh m604";58000000;2;7;76;24;1;5;5
"гель лак vinimay отзывы";136000000;4;23;7;7;1;4;4
"qcnfa435";1000;1;8;47;17;1;5;5
"pcb уф светочувствительные чернила";36000000;4;34;9;9;1;3;3
"asstseries куртка отзывы";75000000;3;24;17;7;1;4;4
"wfb1212h";734;1;8;14;7;1;3;3
"cmi cm601";15000000;2;9;27;27;1;5;5
"t129215sm";2000;1;9;145;31;1;3;3
"плата форматера hp 6015dn";46000000;4;25;7;7;1;3;3
"pmb6830 купить";8000000;2;14;26;23;1;5;5
"doxingye";14000;1;8;41;13;1;4;4
"hxd 1055";4000000;2;8;45;10;1;2;2
"сковорода славяна алмаз";4000000;3;23;88;13;1;5;5
"gukeedianzi батарейка";11000000;2;21;16;9;1;7;7
"str z2062 схема";5000000;3;15;41;9;1;6;6
"johncoo baitcasting";599000;2;19;10;7;1;5;5
"dxqioo мы nohon";34000;3;15;8;8;1;6;6
"славяна алмаз сковорода";3000000;3;23;88;13;1;6;6
"d830k013bzkb4";719;1;13;20;14;1;7;7
"nexas nb300";16000;2;11;35;9;1;5;5
"2828 led";40000000;2;8;23;6;1;5;5
"bgt ножи";107000000;2;8;72;7;1;5;5
"spmg 07t308";17000;2;11;11;9;1;6;6
"picun p1";75000000;2;8;21;9;1;5;5
"ammoon 21";24000000;2;9;13;8;1;5;5
"пленка nano anti explosion что это";47000000;6;34;30;22;1;7;7
"yaogong 8858 блок питания";61000000;4;25;7;7;1;5;5
"sc2723s";663;1;7;34;12;1;5;5
"гель лак vinimay";69000000;3;16;26;9;1;7;7
"yeckpowo";12000;1;8;43;7;1;8;8
"vinimay гель лак";74000000;3;16;26;9;1;8;8
"940004105 ford";24000000;2;14;19;13;1;8;8
"j hope фото 2017";155000000;4;16;10;8;1;8;8
"посуда одноразовая моана";33000000;3;24;14;10;1;8;8
"focallure гель для бровей";64000000;4;25;14;7;1;8;8
"скачать usart hmi";6000;3;17;11;7;1;7;7
"часы наручные мстители";50000000;3;22;12;12;1;8;8
"lonwalk k107";428000;2;12;60;14;1;8;8
"разъем lan rj45 r010";152000000;4;20;9;9;1;8;8
"bben g17";47000000;2;8;33;8;1;7;7
"dvd x7";117000000;2;6;43;6;1;7;7
"rxn 605d";44000000;2;8;15;7;1;8;8
"ford 940004105";31000000;2;14;19;13;1;8;8
"комбинезоны интимные";23000000;2;20;69;8;1;7;7
"vinimay гель лак отзывы";137000000;4;23;7;7;1;8;8
"c61f gp";91000000;2;7;70;7;1;10;10
"tinymons m2";72000000;2;11;25;6;1;9;9
"hantek dso4204c";28000000;2;15;12;8;1;9;9
"iaotugo";10000;1;7;119;9;1;10;10
"30dcb насос";41000000;2;11;20;7;1;9;9
"cm6631a купить";130000000;2;14;8;7;1;10;10
"моана одноразовая посуда";34000000;3;24;14;10;1;9;9
"vinimay bubble gel";1000000;3;18;14;7;1;9;9
"tectop одежда";43000000;2;13;10;8;1;9;9
"переключатель hz5b 20 3";142000000;4;23;22;6;1;9;9
"сковорода алмаз славяна";1000000;3;23;94;16;1;9;9
"idata 50";29000000;2;8;25;10;1;9;9
"hantek 6254";1000000;2;11;15;8;1;10;10
"godox ledp120";14000000;2;13;16;8;1;9;9
"beibehang обои";44000000;2;14;85;25;1;9;9
"sn8p2613pb";560;1;10;60;7;1;10;10
"hsabat 2800 мач";35000000;3;15;17;6;1;11;11
"sti7105 bud";16000000;2;11;31;8;1;11;11
"gk104 225 a2 купить";135000000;4;19;27;12;1;11;11
"lps колли коричневый";51000000;3;20;8;7;1;11;11
"купить ftp08n06a";163000000;2;16;14;11;1;11;11
"iaotugo 7";34000000;2;9;36;7;1;11;11
"nano anti explosion пленка что это";49000000;6;34;36;26;1;11;11
"славяна сковорода алмаз";4000000;3;23;79;11;1;11;11
"big tree обувь";82000000;3;14;30;20;1;11;11
"ulcool v2t";13000;2;10;25;9;1;11;11
"navitopia";41000;1;9;321;48;1;11;11
"hz5b 20 3 купить";197000000;4;16;47;21;1;11;11
"baisiqi конструктор";18000000;2;19;35;7;1;11;11
"реле контроля фаз dpa51cm44";131000000;4;27;19;16;1;11;11
"белье сексуальное костюмы";72000000;3;25;65;6;1;10;10
"wobiloo";9000;1;7;36;6;1;11;11
"конструктор baisiqi";18000000;2;19;35;7;1;12;12
"d93291 datasheet";3000000;2;16;9;9;1;12;12
"os 991es";45000000;2;8;28;11;1;12;12
"a5 gnd";87000000;2;6;52;8;1;12;12
"dpa51cm44 реле контроля фаз";126000000;4;27;13;10;1;12;12
"дпдз rb25det";52000000;2;12;7;7;1;12;12
"asstseries";17000;1;10;142;36;1;12;12
"ftp08n06a купить";176000000;2;16;14;11;1;12;12
"футболка минет";50000000;2;14;507;21;1;12;12
"редми нирвана";15000000;2;13;26;9;1;12;12
"mt6169v";524;1;7;270;74;1;12;12
"e129545 awm 20861";8000;3;17;52;23;1;12;12
"0z9938gn";2000;1;8;16;7;1;12;12
"сексуальное белье для секса";156000000;4;27;1453;20;1;12;12
"вентилятор sf5015sl";35000000;2;19;31;6;1;11;11
"vazrobe очки";15000000;2;12;21;7;1;12;12
"секси мужские трусы";146000000;3;19;44;24;1;14;14
"сексуальная футболка";99000000;2;20;201;7;1;13;13
"ao7702";293;1;6;22;10;1;13;13
"клей kafuter ab";15000;3;15;10;7;1;13;13
"sgl8022w схема";66000000;2;14;13;8;1;13;13
"купить pmb6830";6000000;2;14;31;25;1;14;14
"сковорода славяна алмаз отзывы";76000000;4;30;58;29;1;13;13
"mt4953";522;1;6;20;9;1;13;13
"чем заменить tea1733p";51000000;3;21;15;12;1;13;13
"899d паяльная станция yihua";88000000;4;27;14;8;1;13;13
"бюстгальтеры секси";107000000;2;18;70;6;1;12;12
"mdf4n60b";1000;1;8;51;12;1;13;13
"sp101655";1000;1;8;132;58;1;14;14
"s908 часы";83000000;2;9;36;10;1;13;13
"r8cb05bi";68;1;8;17;7;1;12;12
"son 1210d";75000000;2;9;36;21;1;14;14
"чингисхан фонарь отзывы";2000000;3;23;48;8;1;14;14
"arpi600 подключение";28000000;2;19;9;9;1;14;14
"костюмы для ролевых для женщин";79000000;5;30;78;10;1;14;14
"косплей убить билла";36000000;3;19;13;9;1;14;14
"фетиш женской обуви";88000000;3;19;61;9;1;14;14
"маска бакалавра";36000000;2;15;20;8;1;14;14
"cov minivolt 40w";9000;3;16;12;12;1;14;14
"чехлы на huawei lua l21";91000000;5;23;164;10;1;14;14
"syeser g20 smart band";80000000;4;21;14;11;1;14;14
"mst720c t lf схема";122000000;4;18;9;9;1;14;14
"z suo ботинки";26000000;3;13;33;14;1;14;14
"hantek 6254bc";4000000;2;13;62;12;1;14;14
"g300 grease";67000000;2;11;35;8;1;14;14
"autool bt360 отзывы";11000;3;19;10;10;1;14;14
"ailsa craig лук";15000000;3;15;18;15;1;14;14
"арк тек шлем";6000000;3;12;23;6;1;14;14
"ноутбуки bben";21000000;2;13;264;12;1;16;16
"кремний чехол для телефона";59000000;4;26;116;22;1;16;16
"ilpaladino";18000;1;10;76;7;1;15;15
"лазер для чпу 200мвт";115000000;4;20;18;18;1;16;16
"бюстгальтер сексуальный";25000000;2;23;444;36;1;16;16
"материнская плата asus x555l";155000000;4;28;60;13;1;16;16
"bolsa feminina сумка";37000000;3;20;85;14;1;15;15
"обувь z suo";42000000;3;11;32;6;1;15;15
"nany tovar";216000;2;10;10;7;1;15;15
"owon b41t";45000000;2;9;55;34;1;16;16
"awm 20861 e129545";8000;3;17;52;23;1;15;15
"acctek станки отзывы";7000000;3;20;12;11;1;15;15
"купить cxa2165q в москве";139000000;4;24;13;13;1;16;16
"r8cb05bi datasheet";158000000;2;18;7;7;1;15;15
"asstseries куртка";21000000;2;17;53;26;1;15;15
"сексуальная майка";106000000;2;17;332;11;1;16;16
"bt 513p";59000000;2;7;39;7;1;17;17
"секси трусы мужские";136000000;3;19;44;24;1;17;17
"m8jz47 характеристики";91000000;2;21;10;7;1;16;16
"xr1151";1000;1;6;67;19;1;17;17
"славяна алмаз сковорода отзывы";87000000;4;30;58;29;1;17;17
"yb4835va";6000;1;8;46;10;1;17;17
"qs7aa020m";37000;1;9;27;9;1;16;16
"6951fs микросхема";10000000;2;17;7;7;1;16;16
"ноутбук gmolo отзывы";33000000;3;20;11;7;1;16;16
"трусы мужские секси";143000000;3;19;44;24;1;17;17
"ug 2864asygg14";26000000;2;14;10;10;1;16;16
"gsm сигнализации новинки 2017";189000000;4;29;11;7;1;16;16
"джотаро куджо косплей";12000000;3;21;14;13;1;17;17
"zte ba610t mtk6735p";5000;3;19;14;7;1;16;16
"станки acctek отзывы";4000000;3;20;11;10;1;16;16
"t805g waywalkers";20000;2;16;29;6;1;17;17
"купить tda8950j";90000000;2;15;7;7;1;18;18
"acctek станки";18000000;2;13;33;14;1;18;18
"трусы секси мужские";128000000;3;19;44;24;1;18;18
"вечерние платья секси";136000000;3;21;57;14;1;18;18
"sn8p2722pb";62000;1;10;68;15;1;18;18
"укулеле ammoon";8000000;2;14;14;7;1;18;18
"эротическое белье шелковое";62000000;3;26;42;6;1;17;17
"сексуальное белье белое";76000000;3;23;277;20;1;18;18
"iphone eeprom repair machine";86000000;4;28;32;32;1;18;18
"pmb6830";1000;1;7;65;15;1;18;18
"z suo обувь";31000000;3;11;29;6;1;17;17
"mt6625ln";1000;1;8;125;48;1;18;18
"toshiba er6vc119a";135000000;2;17;42;14;1;18;18
"er6vc119a";915;1;9;81;25;1;18;18
"g205m реле";107000000;2;10;41;6;1;17;17
"szomk корпуса";20000000;2;13;31;6;1;18;18
"купить кулон devil may cry";130000000;5;26;18;8;1;19;19
"a3514 dpn";32000000;2;9;23;10;1;19;19
"милф нижнее белье";3000;3;17;408;14;1;19;19
"джотаро косплей";13000000;2;15;24;10;1;19;19
"чулки сексуальное белье";48000000;3;23;634;11;1;19;19
"h31 jjrc запчасти";44000000;3;17;20;8;1;19;19
"порно видео в колготках малолетки";6000;5;33;68;18;1;19;19
"наручные часы мстители";50000000;3;22;14;12;1;19;19
"6951fs";764;1;6;43;15;1;19;19
"убить билла косплей";39000000;3;19;17;11;1;19;19
"hlk pm03";31000000;2;8;45;20;1;19;19
"схема включения p1014ap10";91000000;3;25;17;17;1;19;19
"ekouaer женское белье";61000000;3;21;11;10;1;19;19
"сексуальные футболки";98000000;2;20;201;15;1;19;19
"kp500b";259;1;6;18;6;1;18;18
"6254 hantek";1000000;2;11;10;7;1;19;19
"ftp08n06a";284;1;9;47;8;1;20;20
"rt8239bzqw";401;1;10;22;9;1;20;20
"паяльная станция yihua 899d";82000000;4;27;22;12;1;20;20
"fundas чехол";32000000;2;12;260;8;1;20;20
"psp 5502 duo аккумулятор";117000000;4;24;18;10;1;20;20
"miwind сумки";23000000;2;12;14;8;1;20;20
"мужские прозрачные трусики";58000000;3;26;87;43;1;20;20
"женская латексная маска для мужчин";117000000;5;34;11;10;1;20;20
"er6vc119a toshiba";134000000;2;17;42;14;1;20;20
"материнская плата на asus x555l";175000000;5;31;43;9;1;20;20
"фонарь чингисхан отзывы";1000000;3;23;44;6;1;19;19
"viecar obd2";46000000;2;11;114;19;1;20;20
"скалыватель inno instrument v7";49000000;4;30;16;8;1;20;20
"6254bc hantek";4000000;2;13;58;14;1;20;20
"миниатюры аниме";69000000;2;15;33;7;1;19;19
"pm39lv512";1000;1;9;9;8;1;20;20
"тени focallure";12000000;2;14;98;7;1;21;21
"ecobrt светильник";22000000;2;17;14;9;1;21;21
"свадебное платье секси";142000000;3;22;37;14;1;21;21
"бакалавра маска";36000000;2;15;20;8;1;21;21
"карбюратор weber dcoe купить";130000000;4;28;21;13;1;21;21
"qs18vp6d";755;1;8;15;8;1;21;21
"силиконовый чехол для fly fs516";66000000;5;31;18;6;1;20;20
"dm58 умный браслет ip68";65000000;4;23;67;14;1;21;21
"maomaokong парки";44000000;2;16;68;33;1;21;21
"aiyima tpa3116";289000;2;14;58;11;1;21;21
"стекло защитное highscreen boost 2 se";195000000;6;37;31;7;1;20;20
"нижнее белье экзотическое";59000000;3;25;22;6;1;20;20
"микросхема 30682";9000000;2;16;8;8;1;21;21
"секси платье свадебное";138000000;3;22;37;14;1;21;21
"поршень 62 мм палец 13мм";128000000;5;24;7;7;1;20;20
"силиконовая кукла девушка цена";133000000;4;30;9;7;1;21;21
"кулон devil may cry купить";130000000;5;26;18;8;1;22;22
"порно с малолетками в колготках";27000;5;31;356;9;1;22;22
"kkmoon 2din";63000000;2;11;36;13;1;22;22
"laspot";14000;1;6;29;9;1;22;22
"игрушки рика граймса";59000000;3;20;15;13;1;22;22
"кольца унисекс";34000000;2;14;74;9;1;22;22
"кисти jaf";84000000;2;9;150;35;1;22;22
"латексный костюм красный";71000000;3;24;64;13;1;22;22
"отзывы ecoobd2";90000000;2;14;30;16;1;22;22
"предохранитель kuoyuh 88 series 6а";114000000;5;34;21;10;1;22;22
"эротическое белье для секса";2000;4;27;1554;43;1;22;22
"ecoobd2 отзывы";93000000;2;14;30;16;1;22;22
"виниловые наклейки на xbox one";56000000;5;30;93;9;1;22;22
"порно малолетка в колготках";34000;4;27;356;15;1;22;22
"силиконовые дорогие куклы";63000000;3;25;77;6;1;21;21
"характеристики реле hf152f";33000000;3;26;11;7;1;22;22
"порно малолетки в колготках";29000;4;27;356;77;1;24;24
"факел linterna 2q5";10000;3;18;8;7;1;23;23
"эротический костюм полицейский";79000000;3;30;126;12;1;23;23
"smart sensor ar924 отзывы";96000000;4;25;10;7;1;23;23
"bt30 шпиндель";49000000;2;13;29;10;1;23;23
"коричневый тумблер";52000000;2;18;22;6;1;23;23
"микросхема mip411 dip7 купить в петрозаводске";58000000;6;45;24;24;1;23;23
"поясные сумки dadbag";27000000;3;20;155;10;1;23;23
"инструкция таймер l701";19000000;3;22;42;20;1;23;23
"orsa jewels";10000000;2;11;26;7;1;23;23
"mst 8700";11000000;2;8;14;7;1;22;22
"фетиш обувь купить";120000000;3;18;46;22;1;23;23
"sudaderas hombre";9000000;2;16;20;6;1;23;23
"порно видео малолетки в колготках";52000;5;33;68;18;1;23;23
"чехол cocose";12000000;2;12;20;7;1;22;22
"sf5a400hd";423;1;9;66;24;1;24;24
"кремниевый чехол для телефона";55000000;4;29;26;6;1;24;24
"tze fx631";19000000;2;9;7;7;1;24;24
"косплей нанами чиаки";22000000;3;20;11;9;1;24;24
"fmd2740a";1000;1;8;18;7;1;24;24
"сексуальный топ купить";122000000;3;22;290;8;1;24;24
"syun lp педали";14000000;3;14;9;7;1;24;24
"толстовка purpose";20000000;2;17;106;18;1;24;24
"фетиш туфли женские";82000000;3;19;31;8;1;24;24
"платье тыквы для девочки";72000000;4;24;30;11;1;24;24
"maomaokong парка";44000000;2;16;68;8;1;24;24
"чехол для airpods силикон";31000000;4;25;22;18;1;24;24
"cxg ds110s";65000000;2;10;26;17;1;24;24
"sunsun hqj 900g";7000;3;15;7;7;1;24;24
"awm 20861";36000000;2;9;211;9;1;24;24
"mt3410l";361;1;7;36;19;1;24;24
"эротические фигурки купить";105000000;3;26;70;34;1;25;25
"leadshine dm542 отзывы";295000;3;22;7;7;1;25;25
"hhc71a jqx 30f";36000;3;14;49;9;1;25;25
"силиконовый чехол для elephone s8";106000000;5;33;18;14;1;25;25
"xc7a100t";508;1;8;28;9;1;25;25
"da0zr8mb8e0";5000;1;11;65;11;1;25;25
"br2450a батарейка";82000000;2;17;23;7;1;25;25
"костюм стюардессы для ролевых игр";115000000;5;33;28;17;1;25;25
"латексный красный костюм";69000000;3;24;64;13;1;25;25
"sp1848 27145 характеристики";9000;3;27;33;16;1;25;25
"abu garcia revo ltx bf8 l";106000000;6;25;38;10;1;25;25
"zt100 мультиметр";48000000;2;16;29;20;1;25;25
"кисти для макияжа jaf";120000000;4;21;55;16;1;25;25
"ew 73c бленда";50000000;3;13;11;8;1;25;25
"куклы metoo";159000000;2;11;145;15;1;25;25
"huawei y6 pro чехол";136000000;4;19;284;28;1;25;25
"мужские трусы мешочек";60000000;3;21;117;7;1;25;25
"косметика popfeel";36000000;2;17;36;22;1;27;27
"эротический костюм красная шапочка";110000000;4;34;40;6;1;26;26
"mt8783v";363;1;7;134;9;1;26;26
"туб шарм";65000000;2;8;369;146;1;27;27
"jexxi";63000;1;5;48;8;1;26;26
"cav tm1100";32000000;2;10;134;51;1;27;27
"x555ld материнская плата";114000000;3;24;55;13;1;26;26
"сексуальный треугольник";90000000;2;23;42;8;1;26;26
"спандекс латекс комбинезон";33000000;3;26;10;10;1;26;26
"lifepo4 bms 4s";5000000;3;14;46;7;1;26;26
"купить ключи люси";89000000;3;17;103;17;1;26;26
"сексуальное белье белое белье";77000000;4;29;277;12;1;26;26
"фетиш обувь";53000000;2;11;489;105;1;27;27
"новый usb зарядка порт док разъем flex для samsung galaxy e5";285000000;11;60;9;9;1;26;26
"секс игрушки для детей";3000000;4;22;235;33;1;26;26
"ezon t037";38000000;2;9;53;13;1;27;27
"dpa51cm44";490;1;9;51;14;1;28;28
"xh m139";54000000;2;7;62;6;1;27;27
"поясные сумки dadbag с принтом пивного живота купить";111000000;8;52;25;8;1;27;27
"aon7702a";651;1;8;21;6;1;27;27
"наклейка для ps4 slim";181000000;4;21;303;6;1;27;27
"pms5003";656;1;7;39;17;1;28;28
"champagne gold цвет";79000000;3;19;17;10;1;27;27
"4s lifepo4 bms";8000000;3;14;46;7;1;27;27
"дешон уотсон";9000000;2;12;12;10;1;27;27
"fr9888 что это";20000000;3;14;118;6;1;27;27
"kkmoon 2 din hd";175000000;4;15;39;10;1;27;27
"чехол для телефона теле2 макси";190000000;5;30;78;10;1;27;27
"guanqin часы мужские";73000000;3;20;73;18;1;28;28
"порно онлайн девочки в колготках";6000;5;32;53;9;1;27;27
"fy 1h n";234000000;3;7;54;11;1;27;27
"as60 vu meter";4000000;3;13;22;12;1;28;28
"трусы мужские гей";99000000;3;17;104;9;1;29;29
"wltoys v950";63000000;2;11;127;26;1;29;29
"titanium кольца";25000000;2;15;49;7;1;28;28
"трусы эротические для мужчин";76000000;4;28;38;15;1;29;29
"dxi 800 beckman coulter";11000000;4;23;29;7;1;28;28
"nx4024t032";2000;1;10;56;11;1;29;29
"mgn12h hiwin";36000000;2;12;14;9;1;28;28
"ботинки с заячьими ушами";27000000;4;24;19;7;1;28;28
"эпилятор lescolton лазерный";5000000;3;27;44;8;1;28;28
"сексуальный костюм";56000000;2;18;4842;162;1;29;29
"косплей миядзоно каори";325000;3;22;9;9;1;28;28
"рюкзак для dji ronin m";106000000;5;22;8;8;1;28;28
"силиконовые куклы девушки";84000000;3;25;145;13;1;29;29
"ленивое яйцо игрушка";47000000;3;20;27;8;1;28;28
"saenshing костюм";33000000;2;16;34;10;1;28;28
"cs630f";3000;1;6;63;9;1;29;29
"2sk3523";399;1;7;32;11;1;30;30
"sm4041";355;1;6;104;30;1;30;30
"эйфелева башня наклейки на стену";45000000;5;32;44;6;1;29;29
"металлические таблички винтаж";50000000;3;29;29;24;1;30;30
"tpu чехол";97000000;2;9;1581;92;1;30;30
"mt8227aaku схема";31000000;2;16;13;13;1;30;30
"чехол mi 6";116000000;3;10;465;7;1;29;29
"хэллоуин сексуальные костюмы";65000000;3;28;99;6;1;29;29
"схема hl 340";53000000;3;12;19;7;1;29;29
"yard мужская обувь";66000000;3;18;61;48;1;30;30
"ovoxo одежда";42000000;2;12;10;8;1;29;29
"трусики и чулки аниме";1000;4;21;39;7;1;29;29
"saenshing сноуборд костюмы зима лыжный костюм";78000000;6;45;14;14;1;30;30
"купить циклотест для часов";88000000;4;26;9;7;1;29;29
"бампер для xiaomi mi note 2";161000000;6;27;48;9;1;29;29
"купить перстень масонов";78000000;3;23;32;10;1;30;30
"nylon dress";41000000;2;11;145;8;1;31;31
"зубы вампира игрушка";43000000;3;20;26;10;1;31;31
"кулер для процессора msi";192000000;4;24;281;21;1;31;31
"ta8445k цена";105000000;2;12;12;9;1;31;31
"чехол для мото е4 плюс";150000000;5;22;90;12;1;31;31
"противоударный чехол samsung galaxy alpha";96000000;5;41;32;9;1;31;31
"цена силиконовые куклы";78000000;3;22;848;8;1;30;30
"глиттер шагрень для ногтей";29000000;4;26;21;13;1;31;31
"beckman coulter dxi 800";10000000;4;23;29;7;1;30;30
"кнопки onpow";13000000;2;12;35;11;1;31;31
"mt8050ie цена";67000000;2;13;9;8;1;30;30
"bms 4s lifepo4";23000000;3;14;46;7;1;30;30
"женщины в винтажных поясах";55000000;4;26;37;9;1;31;31
"pcf 112d1m";104000000;2;10;124;6;1;30;30
"латекс юбки";31000000;2;11;491;9;1;30;30
"fn0221444";959;1;9;18;7;1;31;31
"длинные кардиганы 2017";76000000;3;22;294;11;1;33;33
"шелковое эротическое белье";60000000;3;26;42;6;1;32;32
"фетиш обуви";55000000;2;11;489;10;1;32;32
"er34615m eve";65000000;2;12;18;6;1;32;32
"hr911105h";581;1;9;9;7;1;32;32
"7702 mosfet";73000000;2;11;20;15;1;33;33
"туфли фетиш";38000000;2;11;666;70;1;32;32
"sonoff 4ch канала дистанционное управление smart";140000000;6;48;14;8;1;32;32
"куклы 1 12";194000000;3;10;527;23;1;32;32
"s908 smart band";58000000;3;15;38;6;1;32;32
"капюшон марвел";23000000;2;14;196;85;1;32;32
"кукла american girl купить";151000000;4;26;74;24;1;32;32
"cool cat одежда";104000000;3;15;65;38;1;33;33
"футболки сексуальные";95000000;2;20;201;15;1;32;32
"x d стразы";100000000;3;10;23;7;1;31;31
"секси косплейщицы";11000000;2;17;16;11;1;33;33
"st485c";851;1;6;8;8;1;34;34
"купить меч саске";61000000;3;16;29;10;1;34;34
"купить семена женьшеня почтой россии";162000000;5;36;25;25;1;34;34
"электронная сигарета vapeonly с фонариком";41000000;5;41;10;9;1;34;34
"sterling silver ювелирные украшения";54000000;4;35;14;13;1;34;34
"косплей тюрьма школа";42000000;3;20;20;8;1;34;34
"vfemage купить платье";91000000;3;21;8;7;1;33;33
"серьги висячие кисточки";21000000;3;23;49;19;1;34;34
"gorben часы";26000000;2;11;18;6;1;33;33
"кукла силикон китай";54000000;3;19;29;11;1;34;34
"dcr sr82 экран";2000000;3;14;10;8;1;33;33
"наклейки на стену трава";45000000;4;23;55;7;1;33;33
"jintoho";32000;1;7;53;8;1;34;34
"трусы мешочек мужские";56000000;3;21;157;33;1;34;34
"костюм по ушу для мальчика";63000000;5;26;38;10;1;33;33
"разъем клавиатуры ноутбука hp 32 pin flip";150000000;7;41;12;8;1;34;34
"krazing pot обувь";23000000;3;17;10;8;1;35;35
"onpow кнопки";12000000;2;12;30;11;1;35;35
"ключи люси купить";74000000;3;17;103;17;1;35;35
"кофта наруто";32000000;2;12;29;11;1;35;35
"костюм для ушу для мальчика";65000000;5;27;28;13;1;35;35
"кукла 18 дюймов";60000000;3;15;65;8;1;35;35
"семена бонсай купить в москве";139000000;5;29;51;31;1;35;35
"колготки для новорожденных мальчиков";47000000;4;36;27;16;1;35;35
"darkwood обручальное кольцо";24000000;3;27;22;18;1;35;35
"костюм ушу для мальчика";66000000;4;23;36;11;1;35;35
"сексуальная одежда женская";94000000;3;26;299;63;1;35;35
"girl power одежда";110000000;3;17;34;21;1;35;35
"mics 6814";10000000;2;9;23;9;1;35;35
"стринги для мужчин крючком фото";159000000;5;31;17;17;1;35;35
"crazy horse сумки мужские";82000000;4;25;34;6;1;34;34
"2017 санда военные часы мужчины водонепроницаемый спортивные";194000000;7;60;13;8;1;35;35
"l7808cv транзистор характеристики";1000000;3;33;11;11;1;36;36
"duk al20";59000000;2;8;56;16;1;36;36
"zanzea одежда";37000000;2;13;95;27;1;36;36
"взгляд секси";110000000;2;12;58;15;1;36;36
"losoncoer аккумуляторы для телефона отзывы";115000000;5;42;23;23;1;36;36
"сексуальное домашнее белье";68000000;3;26;252;13;1;36;36
"сексуальные костюмы хэллоуин";131000000;3;28;99;6;1;35;35
"bebear хипсит";1000000;2;13;86;26;1;36;36
"lige часы официальный сайт";119000000;4;26;35;33;1;36;36
"игрушки metoo купить";218000000;3;20;59;19;1;36;36
"diy kit 5 частотомер";119000000;4;20;25;7;1;35;35
"p549a07";1000;1;7;20;6;1;35;35
"вечерние секси платья";131000000;3;21;57;14;1;36;36
"латекс боди";45000000;2;11;153;28;1;36;36
"шорты сексуальные женские";72000000;3;25;62;7;1;35;35
"эротические наряды женские";90000000;3;26;54;9;1;36;36
"pmb9933";335;1;7;38;12;1;37;37
"косплей луффи";17000000;2;13;31;18;1;37;37
"черное секси платье";151000000;3;19;41;6;1;36;36
"свадебное секси платье";146000000;3;22;37;14;1;37;37
"кольцо rock";66000000;2;11;132;24;1;37;37
"порно видео малолетка в колготках";68000;5;33;68;14;1;37;37
"opp обувь";110000000;2;9;13;8;1;36;36
"купить тюрбан на голову";63000000;4;23;230;34;1;37;37
"чехол для tele2 maxi lte";178000000;5;24;56;7;1;36;36
"костюм черники";45000000;2;14;209;20;1;37;37
"нагараку ресницы для наращивания отзывы";82000000;5;39;9;9;1;36;36
"кейдж бюстгальтер";17000000;2;17;28;7;1;36;36
"кварцевый генератор счетчик частоты тестеров diy kit 5 инструкция";180000000;9;65;14;14;1;37;37
"постель аниме";58000000;2;13;735;6;1;36;36
"ps7007eg";299;1;8;163;9;1;36;36
"селфи палка для ipad mini";147000000;5;25;12;10;1;37;37
"huawei mla al10 цена";289000000;4;20;15;14;1;38;38
"кисть для маски для лица";67000000;5;24;181;21;1;38;38
"superpro 6100 цена";29000000;3;18;8;7;1;37;37
"купить подушку эмоджи в москве";134000000;5;30;52;18;1;38;38
"ps4 pro виниловые наклейки";207000000;4;26;55;6;1;37;37
"purpose the world tour толстовка";74000000;5;32;31;17;1;38;38
"люстра нло";56000000;2;10;40;9;1;37;37
"модель шкатулки stl";136000000;3;19;30;7;1;37;37
"xiaomi pu case";54000000;3;14;90;7;1;37;37
"шелковое белье эротическое";61000000;3;26;42;6;1;37;37
"косплей сейлор плутон";24000000;3;21;10;10;1;37;37
"p60nf06 купить";138000000;2;14;22;7;1;37;37
"xd2pa24cr";844;1;9;43;18;1;38;38
"kkmoon аэрограф";6000000;2;15;28;7;1;37;37
"одежда для новорожденных с крылышками";61000000;5;37;10;10;1;37;37
"jxd s192k купить";1000000;3;16;38;14;1;38;38
"трусики шорты прозрачные";31000000;3;24;29;7;1;38;38
"bakon bk1000 отзывы";9000;3;19;10;8;1;38;38
"модные кольца 2017 из серебра";106000000;5;29;20;9;1;38;38
"сексуальные девочки в лифчиках";806000;4;30;49;7;1;38;38
"тигрица сексуальная";89000000;2;19;445;8;1;38;38
"t8000 клей отзывы";57000000;3;17;8;7;1;38;38
"фм микрофон для гида";89000000;4;20;12;9;1;38;38
"фетиш высоких каблуков";58000000;3;22;95;8;1;38;38
"lescolton эпилятор лазерный";14000000;3;27;47;9;1;38;38
"сексуальный женский костюм";91000000;3;26;202;8;1;38;38
"часы luxury brand";74000000;3;17;95;10;1;38;38
"штанцевые формы для скрапбукинга";57000000;4;32;44;9;1;38;38
"uloveido";61000;1;8;36;7;1;38;38
"кожаные штаны для девочек";63000000;4;25;133;9;1;38;38
"ацуши накаджима и рюноскэ акутагава";2000000;5;35;20;13;1;38;38
"часы crrju";43000000;2;10;28;6;1;38;38
"графический планшет ugee m708 купить в минске";163000000;7;45;8;7;1;39;39
"купить реле f3aa024e";139000000;3;20;44;13;1;39;39
"кольцо ом";50000000;2;9;1903;18;1;39;39
"кофта purpose tour";28000000;3;18;27;11;1;39;39
"наклейка футболист на стену";41000000;4;27;15;15;1;39;39
"дисплей 2к";110000000;2;10;145;8;1;39;39
"nagaraku ресницы";11000000;2;16;189;34;1;39;39
"коврики для праворульных автомобилей";60000000;4;36;66;16;1;39;39
"cav саундбар";44000000;2;12;130;27;1;39;39
"лолита туфли";23000000;2;12;67;13;1;39;39
"rax обувь";29000000;2;9;164;50;1;39;39
"прозрачные мужские трусы сетка";75000000;4;30;46;32;1;39;39
"hantek 6254bc отзывы";15000;3;20;9;9;1;39;39
"коллекция фигурок аниме";97000000;3;23;81;18;1;39;39
"чехол для tesla symbol";40000000;4;22;43;6;1;38;38
"cav tm1100 обзор";10000;3;16;47;7;1;39;39
"bd82hm65 трафарет";33000000;2;17;15;10;1;40;40
"короткое ожерелье";25000000;2;17;94;11;1;40;40
"kuoyuh 6a 88 series";68000000;4;19;32;14;1;40;40
"mp8126";864;1;6;62;11;1;40;40
"материнская плата x555ld";146000000;3;24;55;13;1;40;40
"hdmi тв адаптер";184000000;3;15;215;10;1;40;40
"косплей белоснежка";20000000;2;18;96;27;1;40;40
"bebear хипсит hipseat";1000000;3;21;25;14;1;40;40
"mosfet 7702";75000000;2;11;20;15;1;40;40
"zb5ad2";8000;1;6;15;11;1;40;40
"weintek mt8050ie";28000000;2;16;83;57;1;40;40
"jxd s192 купить в москве";173000000;5;24;20;16;1;40;40
"сандалии женские на плоской подошве";70000000;5;35;31;10;1;40;40
"lady moda платья";98000000;3;16;31;15;1;40;40
"zanzea платья";35000000;2;13;18;6;1;39;39
"зубы игрушка вампира";48000000;3;20;26;10;1;40;40
"мужские эротические трусики";84000000;3;27;42;23;1;41;41
"копия кубка стэнли купить";83000000;4;25;33;6;1;40;40
"алмазная вышивка будда";47000000;3;22;13;7;1;40;40
"купить силиконовую куклу недорого";124000000;4;33;976;6;1;40;40
"пушистые туфли";18000000;2;14;25;6;1;40;40
"bakon bk1000";14000000;2;12;63;33;1;41;41
"куклы американ герл купить";155000000;4;26;85;9;1;40;40
"ps4 pro наклейки виниловые";207000000;4;26;55;6;1;40;40
"сексуальная тигрица";89000000;2;19;445;8;1;40;40
"аниме рюкзаки для девочек";97000000;4;25;31;6;1;40;40
"бамбуковые наручные часы";50000000;3;24;14;9;1;40;40
"джинсы моск up";25000000;3;14;35;8;1;40;40
"аксессуары для реборна";38000000;3;22;295;40;1;41;41
"сексуальные сарафаны";27000000;2;20;92;8;1;40;40
"huntkey hk380 16fp";963;3;18;29;9;1;40;40
"kb9022q d";75000000;2;9;61;17;1;41;41
"рис кулон";24000000;2;9;58;6;1;41;41
"наклейки 3d кирпич";80000000;3;18;44;7;1;41;41
"трусы гей мужские";95000000;3;17;104;9;1;41;41
"кристалл обручальные кольца орел";58000000;4;32;12;7;1;41;41
"свадебные платья 2017 русалка";102000000;4;29;30;9;1;41;41
"саундбар cav";43000000;2;12;58;6;1;41;41
"байкерские джоггеры";8000000;2;19;34;12;1;41;41
"лупа хирургическая бинокулярная surgical telescopes";37000000;5;51;24;9;1;41;41
"купить кроп топ бюстье";130000000;4;22;12;12;1;41;41
"bakon bk1000 esd обзор";11000;4;22;8;8;1;41;41
"кукла американ герл купить";155000000;4;26;85;14;1;41;41
"секси костюмы фото";209000000;3;18;97;12;1;41;41
"медные кольца на годовщину свадьбы купить в екатеринбурге";163000000;8;57;7;7;1;41;41
"свитер сексуальный";30000000;2;18;76;11;1;41;41
"sharo kirima";22000000;2;12;14;14;1;41;41
"джинсы с птичками";23000000;3;17;55;6;1;41;41
"куклы бжд аниме купить";228000000;4;22;14;8;1;42;42
"джинсовые юбки 2017 года купить";188000000;5;31;32;9;1;42;42
"49y2052";888;1;7;10;10;1;42;42
"lp079x01";886;1;8;26;9;1;42;42
"секси одежда фото";194000000;3;17;184;9;1;42;42
"лента трусики цена";72000000;3;18;162;8;1;42;42
"фото секси костюмы";193000000;3;18;97;12;1;42;42
"игрушка зубы вампира";55000000;3;20;26;10;1;42;42
"кошелек мини для мужчин";111000000;4;23;28;11;1;42;42
"чуя накахара фигурка";29000;3;20;43;9;1;42;42
"купить масонский перстень";54000000;3;25;64;18;1;42;42
"порно с малолеткой в колготках";32000;5;30;356;11;1;42;42
"hh комбинезон";20000000;2;13;46;9;1;42;42
"kdb04112hb";252;1;10;24;11;1;42;42
"purpose tour худи";10000000;3;17;53;19;1;42;42
"шиноби обувь";32000000;2;12;12;8;1;42;42
"ушные маски для лица черные";102000000;5;27;11;11;1;43;43
"кольцо масонов купить";69000000;3;21;40;14;1;43;43
"солнцезащитные очки женские кошачий глаз";89000000;5;40;60;24;1;43;43
"маски для вечеринок";46000000;3;19;1105;14;1;43;43
"толстовка purpose the world tour";74000000;5;32;32;18;1;43;43
"lige часы цена";105000000;3;14;48;12;1;43;43
"huawei y360 пленка";36000000;3;18;8;7;1;42;42
"купить трусы прозрачные мужские";131000000;4;31;200;21;1;43;43
"сексуальные костюмы фото";154000000;3;24;364;33;1;43;43
"толстовка наруто";29000000;2;16;62;15;1;43;43
"shein юбки";22000000;2;10;17;7;1;42;42
"doogee x5 usb разъем";134000000;4;20;19;6;1;42;42
"n2qayb000863";372;1;12;30;14;1;43;43
"чехол на ксиаоми ми 6";123000000;5;21;131;25;1;43;43
"винтажные платья 2017";83000000;3;21;36;8;1;42;42
"211pc042s4021";329;1;13;28;11;1;43;43
"супермен игрушка";45000000;2;16;296;38;1;44;44
"кулон иллюминаты";19000000;2;16;27;7;1;43;43
"purpose tour толстовка";22000000;3;22;63;8;1;43;43
"пенополиэтилен 3d камень кирпич обои";135000000;5;36;19;6;1;43;43
"дверной звонок cacazi";28000000;3;21;37;7;1;43;43
"smart band dm58";42000000;3;15;99;44;1;44;44
"ar816 портативный анемометр";3000000;3;27;9;9;1;43;43
"запчасти hsp 94188";70000000;3;18;7;7;1;43;43
"owon b41t обзор";6000;3;15;8;8;1;43;43
"3d вышивка алмазная";105000000;3;19;61;7;1;43;43
"кулон бола";622000;2;10;44;10;1;43;43
"ilife x623";51000000;2;10;21;8;1;43;43
"длинный свитер женский";72000000;3;22;1216;94;1;44;44
"картинки ацуши и акутагава";31000000;4;26;13;8;1;43;43
"клавиатура storm 1000 1k12";22000000;4;26;10;10;1;43;43
"нагараку ресницы отзывы";67000000;3;23;59;30;1;44;44
"doogee x5 разъем usb";165000000;4;20;19;6;1;44;44
"j530f дисплей";99000000;2;13;55;7;1;44;44
"порно в колготках с малолетками";8000;5;31;356;9;1;44;44
"свадебные секси платья";149000000;3;22;37;7;1;44;44
"шляпы от солнца женские купить в москве";184000000;7;39;8;8;1;44;44
"тумблер коричневый";50000000;2;18;22;6;1;44;44
"тумблер футболки";57000000;2;16;106;14;1;44;44
"bolymic";11000;1;7;189;9;1;44;44
"navitopia что за производитель";60000000;4;30;11;11;1;44;44
"3d наклейки кирпич";96000000;3;18;44;7;1;44;44
"flip flop обувь";55000000;3;15;42;17;1;44;44
"кукла реборн 55 см";92000000;4;18;383;13;1;44;44
"купальники твое 2017";52000000;3;20;10;7;1;44;44
"наушники avg";54000000;2;12;27;10;1;44;44
"фото колготок женских на теле";196000000;5;29;37;26;1;44;44
"колготки английский перевод";86000000;3;27;235;6;1;44;44
"11ct 14ct что это в вышивке";74000000;6;27;27;12;1;45;45
"туфли фетиш видео";1000;3;17;63;20;1;45;45
"мужские толстовки 2017";87000000;3;22;244;29;1;45;45
"часы vogue женские";77000000;3;18;31;15;1;45;45
"эротические мужские трусики";78000000;3;27;42;23;1;45;45
"накаджима ацуши и акутагава рюноскэ";2000000;5;35;20;13;1;45;45
"pm8226";1000;1;6;318;82;1;45;45
"npce285pa0dx";1000;1;12;59;29;1;45;45
"порно видео девочки в колготках";7000;5;31;266;49;1;45;45
"weichen кошельки";10000000;2;16;69;22;1;45;45
"новинки бтт 1 35";88000000;4;16;129;118;1;45;45
"стикеры луна";37000000;2;12;494;64;1;45;45
"зеленое бальное платье";55000000;3;22;69;14;1;45;45
"куклы бжд парни";44000000;3;15;77;31;1;45;45
"nct5579d";1000;1;8;17;6;1;44;44
"yosta livepor 160 вт";8000000;4;20;24;11;1;45;45
"купить kuoyuh 88 series 15a";157000000;5;27;26;6;1;45;45
"n2qayb000842";471;1;12;32;7;1;45;45
"сейлор плутон косплей";25000000;3;21;8;8;1;45;45
"заколки barrettes оптом";26000000;3;23;7;7;1;45;45
"шелковые чулки массаж";49000000;3;21;8;8;1;45;45
"комплект обувь и сумка";80000000;4;22;140;7;1;45;45
"самшит искусственный купить в москве";142000000;5;36;33;9;1;45;45
"12в электромагнитный пневмоклапан";45000000;3;33;47;8;1;45;45
"кукла из силикона";36000000;3;17;2079;9;1;45;45
"платья для девочек туту";111000000;4;23;163;8;1;45;45
"сексуальный свитер";30000000;2;18;76;11;1;45;45
"сумки мода ком";110000000;3;14;10403;9;1;45;45
"женские рубашки корейские";64000000;3;25;31;7;1;45;45
"бест хат ру шапки";113000000;4;17;8;8;1;45;45
"куртка женская vogue";68000000;3;20;28;11;1;45;45
"обувь для кукол бжд";110000000;4;19;63;6;1;45;45
"батарея gukeedianzi отзывы";48000000;3;26;15;10;1;46;46
"фонарь чингисхан аккумуляторный";17000000;3;31;125;14;1;46;46
"fpc fc101j235 00";65000000;3;16;40;19;1;46;46
"реле f3aa024e купить";121000000;3;20;44;13;1;46;46
"бон брикс одежда женская больших размеров широкие брюки";298000000;8;55;17;17;1;46;46
"красное брюки бриджи клетчатые как карандаш заказ в китай";112000000;9;57;10;10;1;46;46
"oz ss 112l1";56000000;3;11;158;33;1;46;46
"358s 2122 купить";55000;3;16;22;17;1;46;46
"аккумуляторы gukeedianzi отзывы";68000000;3;31;25;22;1;46;46
"03f145701g турбина";122000000;2;18;28;14;1;46;46
"mt6625ln что это";31000000;3;16;159;44;1;46;46
"чем заменить st1803dhi";32000000;3;22;31;23;1;46;46
"фем ацуши накаджима";4000000;3;19;18;11;1;46;46
"купить копию кубка стэнли";76000000;4;25;33;20;1;46;46
"кольца милые";34000000;2;12;231;6;1;45;45
"платье длинное сексуальное";64000000;3;26;192;10;1;46;46
"z582kl";17000;1;6;168;30;1;47;47
"контакт портмоне";46000000;2;16;92;68;1;47;47
"east 538 футболка";32000000;3;17;8;7;1;46;46
"сексуальные джинсы";33000000;2;18;1188;43;1;47;47
"радуга носки";25000000;2;12;112;6;1;46;46
"эротическое мужское белье фото";172000000;4;30;42;31;1;47;47
"капроновые трусы для мужчин фото";149000000;5;32;9;9;1;46;46
"onn w6 плеер";16000;3;12;23;6;1;46;46
"verano одежда";46000000;2;13;20;8;1;46;46
"нейлон для мужчин";40000000;3;17;275;6;1;46;46
"bakon bk1000 esd";5000;3;16;17;10;1;46;46
"pm8226 купить";53000000;2;13;20;8;1;46;46
"женские украшения капли";69000000;3;23;31;31;1;47;47
"пижама для папы и сына";47000000;5;22;52;8;1;46;46
"современная ню живопись";60000000;3;23;30;10;1;46;46
"юбка с принтом ананасами";55000000;4;24;69;29;1;47;47
"кольцо стимпанк";26000000;2;15;51;9;1;47;47
"кожаная мужская сумка vogue";76000000;4;27;19;9;1;47;47
"купить pm8226";68000000;2;13;21;10;1;47;47
"lescolton лазерный эпилятор";14000000;3;27;47;9;1;47;47
"moda jewelry бижутерия официальный";90000000;4;34;30;10;1;47;47
"конденсатор 225k";59000000;2;16;64;9;1;47;47
"фото прозрачные женские стринги";159000000;4;31;71;11;1;47;47
"замена экрана oukitel k4000";83000000;4;27;38;10;1;47;47
"r core трансформатор";69000000;3;20;48;10;1;47;47
"колготки с ажурными трусами фото";142000000;5;32;10;9;1;47;47
"расческа подружка";12000000;2;17;171;12;1;47;47
"трусики женские тонг";83000000;3;20;13;11;1;47;47
"бонсай японский клен купить";78000000;4;27;14;9;1;47;47
"avg наушники";52000000;2;12;25;10;1;47;47
"бонсай красный клен купить";95000000;4;26;25;13;1;47;47
"антенный анализатор mr100";35000000;3;25;42;9;1;47;47
"порно видео девочек в колготках";8000;5;31;266;7;1;48;48
"фк стикеры спартак";102000000;3;18;30;15;1;48;48
"костюм ушу для девочки";71000000;4;22;26;6;1;47;47
"кошелек для монет мужской";62000000;4;25;72;15;1;48;48
"парики из искусственных волос интернет магазин москва";178000000;7;53;24;16;1;48;48
"китайский халат с драконом";58000000;4;26;33;10;1;48;48
"комбинезон hh";49000000;2;13;44;8;1;47;47
"джинсовые юбки 2017 купить";135000000;4;26;72;16;1;48;48
"алмазная мозаика от диамант";56000000;4;27;85;7;1;47;47
"коричневый подарок";37000000;2;18;103;15;1;48;48
"мужская сумка vogue из натуральной кожи";98000000;6;39;11;9;1;47;47
"косплей бель";52000000;2;12;19;8;1;47;47
"купить кольцо масонов";87000000;3;21;40;14;1;48;48
"безвентиляторный intel nuc";121000000;3;26;27;6;1;47;47
"nysiani ботильоны купить во владивостоке";91000000;5;40;9;9;1;47;47
"кольцо карбид вольфрама обручальные купить";100000000;5;42;24;6;1;48;48
"звездные войны канцлер";415000;3;22;44;9;1;49;49
"наклейки на стену круги";47000000;4;23;26;9;1;49;49
"сандалии женские 2017";99000000;3;21;60;13;1;49;49
"модели солдатиков 1 6";132000000;4;21;12;9;1;49;49
"аксессуары для волос 2017";98000000;4;25;77;11;1;49;49
"зоро ророноа косплей";19000000;3;20;11;9;1;49;49
"купить подушку обнимашку аниме";117000000;4;30;112;22;1;49;49
"майка супермена мужская";67000000;3;23;17;12;1;49;49
"huawei duk l09";1000000;3;14;31;15;1;49;49
"летние пробковые шлепки";14000000;3;23;19;10;1;49;49
"какие обручальные кольца в моде 2017";159000000;6;36;48;33;1;49;49
"девочки на пляже без купальников";36000000;5;32;60;18;1;49;49
"бонсай клен японский купить";79000000;4;27;14;9;1;49;49
"volks куклы";40000000;2;11;98;14;1;49;49
"порно девочки в колготках";8000;4;25;1598;249;1;49;49
"железный человек логотип";70000;3;24;37;8;1;49;49
"игра престолов чехол iphone 5s";196000000;5;30;68;6;1;50;50
"маленькие девочки в коротких юбках";15000000;5;34;53;10;1;50;50
"корейские юбки";24000000;2;14;408;30;1;50;50
"куклы реборн спящие купить";109000000;4;26;16;9;1;50;50
"xmos или amanero";27000;3;16;48;12;1;50;50
"обои баскетбол на стену";79000000;4;23;7;7;1;50;50
"корейские брюки больших размеров";95000000;4;32;47;7;1;49;49
"наклейка на стену футболист";42000000;4;27;15;15;1;50;50
"кольцо хризантема";29000000;2;17;94;6;1;49;49
"кольцо с крестом тамплиеров";39000000;4;27;16;11;1;50;50
"кружево расшитое бисером купить";95000000;4;31;46;7;1;49;49
"запчасти для инкубатора из китая";89000000;5;32;12;7;1;49;49
"африканские ткани купить в москве";144000000;5;33;9;7;1;50;50
"мода колготки 2017";93000000;3;18;353;31;1;50;50
"светодиодные стоп сигналы для грузовиков";87000000;5;40;12;8;1;49;49
