"Ключевое слово";"Результатов в Яндексе";"Слов";"Символов";"Частотность Весь мир";"""!Частотность !Весь !мир""";"Количество найденных доменов в Яндексе по слову";"Средняя позиция в Яндексе";"Позиция в Яндексе купить-чехлы.рф"
"ателье софия";35000000;2;12;64;7;1;1;1
"зимние чехлы";44000000;2;12;3283;10;1;9;9
"чехлы зимние";44000000;2;12;3362;10;1;6;6
"чехлы для фонтанов";34000000;3;18;74;6;1;3;3
"софия авточехлы";26000000;2;15;160;33;1;7;7
"чехлы софия";41000000;2;11;342;30;1;5;5
"чехлы для оборудования";50000000;3;22;741;23;1;9;9
"пошив чехлов для оборудования";67000000;4;29;111;14;1;3;3
"софия чехлы";42000000;2;11;337;31;1;5;5
"зимний чехол";44000000;2;12;3286;7;1;3;3
"пошив водонепроницаемых чехлов";36000000;3;30;19;9;1;5;5
"купи чехлы рф";108000000;3;13;102;31;1;3;3
"чехол для фонтана";34000000;3;17;74;10;1;3;3
"пошив чехлов на оборудование на заказ";91000000;6;37;22;13;1;7;7
"пошив чехлов на оборудование";68000000;4;28;111;6;1;3;3
"софия ателье";34000000;2;12;57;7;1;2;2
"чехлы царг съемные";64000;3;18;40;8;1;9;9
"чехол для зонтика";23000000;3;17;218;6;1;26;26
"оборудование для производство чехлов для телефонов";112000000;6;50;47;7;1;24;24
"форма для изготовления чехлов";85000000;4;29;9;7;1;18;18
"пошив тентов пошив чехлов";45000000;4;25;113;9;1;25;25
"авточехлы софия официальный сайт";98000000;4;32;12;7;1;21;21
"чехол сшить на заказ";61000000;4;20;633;8;1;26;26
"авточехлы софия";25000000;2;15;107;27;1;14;14
"чехол на софу";46000000;3;13;152;8;1;20;20
"мебельные чехлы рф";60000000;3;18;7;7;1;17;17
"пошив из брезента чехлов";36000000;4;24;33;12;1;24;24
"чехол на мангал";32000000;3;15;330;15;1;13;13
"чехол для стола книжки";71000000;4;22;24;6;1;14;14
"чехлы на ассистент";34000000;3;18;79;6;1;25;25
"чехлы рф ру";80000000;3;11;54;33;1;18;18
"чехол для зонта пляжного купить";99000000;5;31;37;21;1;10;10
"оборудование для производства чехлов для телефонов";112000000;6;50;47;18;1;27;27
"купить чехлы на садовую мебель";152000000;5;30;56;11;1;31;31
"кожаный чехол на кресло";54000000;4;23;199;12;1;30;30
"чехол для зонта купить";100000000;4;22;670;34;1;29;29
"ателье по пошиву чехлов для лодок пвх";74000000;7;37;10;9;1;30;30
"купить чехол для зонтика";97000000;4;24;26;6;1;29;29
"чехол для зонта";28000000;3;15;1816;58;1;31;31
"пошив чехлов для одежды";75000000;4;23;62;10;1;28;28
"чехлы на мебель уличную";73000000;4;23;98;6;1;29;29
"пошив съемных чехлов на мебель";77000000;5;30;21;7;1;28;28
"чехлы для уличной мебели";71000000;4;24;113;12;1;30;30
"чехол для садовой мебели купить";144000000;5;31;61;10;1;28;28
"чехлы для мангала";31000000;3;17;330;8;1;28;28
"чехол для зонтика купить";90000000;4;24;25;6;1;30;30
"чехлы для зонтов";31000000;3;16;1816;6;1;28;28
"чехлы на садовую мебель купить";144000000;5;30;61;10;1;28;28
"для стола чехол";121000000;3;15;2469;9;1;31;31
"чехол на зонт";29000000;3;13;1816;10;1;38;38
"купить чехол на садовый зонт";97000000;5;28;11;9;1;37;37
"пошив чехлов на компьютерное кресло";63000000;5;35;25;7;1;34;34
"оборудование для изготовление чехлов для телефонов";105000000;6;50;37;6;1;37;37
"купить чехол для зонта пляжного";88000000;5;31;37;21;1;35;35
"оборудование для изготовления чехлов для телефонов";106000000;6;50;37;13;1;38;38
"чехол для уличной мебели";70000000;4;24;113;7;1;32;32
"купить чехол для зонта";100000000;4;22;689;33;1;35;35
"купить чехол для садовой мебели";142000000;5;31;62;8;1;33;33
"чехлы на стол";56000000;3;13;2857;6;1;36;36
"чехлы на уличную мебель";73000000;4;23;113;9;1;32;32
"чехлы для уличной мебели купить";136000000;5;31;35;9;1;33;33
"чехол на стол";56000000;3;13;2857;22;1;38;38
"по пошиву чехлов ателье";47000000;4;23;560;7;1;34;34
"чехлы на садовую мебель";85000000;4;23;212;24;1;32;32
"чехлы на скамейки";29000000;3;17;173;7;1;39;39
"чехлы новая жизнь купить";153000000;4;24;361;17;1;45;45
"чехол на диван купить владивосток";124000000;5;33;25;7;1;44;44
"ателье по пошиву чехлов для мебели";83000000;6;34;104;23;1;43;43
"столы для ателье";51000000;3;16;186;6;1;44;44
"пошив чехлов водонепроницаемых";40000000;3;30;20;9;1;44;44
"купить чехлы новая жизнь";153000000;4;24;361;17;1;45;45
"bisoff чехлы";2000000;2;12;30;6;1;41;41
"чехлы для койловеров";16000000;3;20;36;17;1;43;43
"пошив чехлов из брезента";35000000;4;24;32;6;1;42;42
"чехол натяжной";27000000;2;14;3014;8;1;44;44
"изготовление чехлов для телефонов оборудование";103000000;5;46;35;9;1;41;41
"чехол для садовых качелей купить в леруа мерлен";123000000;8;47;37;23;1;42;42
"чехлы для садовой мебели";84000000;4;24;212;18;1;45;45
"чехлы новая жизнь купить в интернет магазине";223000000;7;44;93;49;1;43;43
"купить чехол на зонт";100000000;4;20;689;6;1;40;40
"чехол для мангала своими руками";90000000;5;31;18;15;1;45;45
"чехлы спецтир";19000000;2;13;60;13;1;45;45
"непромокаемый чехол для зонта";33000000;4;29;17;9;1;45;45
"ателье по пошиву чехлов";48000000;4;23;581;7;1;45;45
"съемные чехлы на царгах";25000000;4;23;38;14;1;46;46
"чехол для садовой мебели";84000000;4;24;212;8;1;46;46
"купить водонепроницаемые чехлы для мебели";137000000;5;41;7;7;1;46;46
"как сшить чехол для мангала и шампуров из брезента";44000000;9;50;12;12;1;47;47
"чехол для мебели уличной";72000000;4;24;113;7;1;47;47
"чехлы на садовые качели сшить";55000000;5;29;37;6;1;47;47
"пошив чехлов на мебель москва";132000000;5;29;55;32;1;49;49
"чехлы натяжные";27000000;2;14;3014;21;1;49;49
"скам чехлы";35000000;2;10;95;9;1;49;49
"чехлы для барбекю";23000000;3;17;72;6;1;49;49
"водонепроницаемый чехол на диван";50000000;4;32;72;16;1;50;50
