"Ключевое слово";"Результатов в Яндексе";"Слов";"Символов";"Частотность Весь мир";"""!Частотность !Весь !мир""";"Количество найденных доменов в Яндексе по слову";"Средняя позиция в Яндексе";"Позиция в Яндексе podium-art.ru"
"podium art ru";72000000;3;13;10;8;1;1;1
"костюмы танцевальные сценические";48000000;3;32;75;6;1;6;6
"арт подиум";78000000;2;10;386;69;1;6;6
"танцевальные сценические костюмы";46000000;3;32;85;6;1;4;4
"дмс стразы";71000000;2;10;257;46;1;6;6
"сценическая одежда";49000000;2;18;348;9;1;5;5
"обучение пошив купальников";42000000;3;26;48;13;1;6;6
"курсы шитья бальных платьев";92000000;4;27;26;6;1;2;2
"арт ателье это";141000000;3;14;1318;6;1;4;4
"курсы шитья купальников";67000000;3;23;91;7;1;4;4
"ателье по пошиву костюмов сценических";70000000;5;37;32;8;1;5;5
"подиум ателье";24000000;2;13;74;15;1;2;2
"курсы по пошиву бальных платьев";105000000;5;31;27;6;1;3;3
"курсы по пошиву купальников для художественной гимнастики";99000000;7;57;129;31;1;6;6
"подиум для ателье";23000000;3;17;72;6;1;4;4
"подиум арт";77000000;2;10;388;70;1;2;2
"дмс камни";70000000;2;9;48;6;1;6;6
"костюмы для сцены";63000000;3;17;1415;15;1;9;9
"стразы дмс";71000000;2;10;269;47;1;9;9
"интернет магазин сценической одежды";121000000;4;35;15;8;1;7;7
"стразы dmc";133000000;2;10;400;36;1;9;9
"костюмы сценические танцевальные";48000000;3;32;75;6;1;7;7
"магазин интернет подиум шоп";128000000;4;27;26;20;1;9;9
"стразы дмс что это";22000000;4;18;269;21;1;7;7
"курсы по шитью купальников для художественной гимнастики";99000000;7;56;52;7;1;7;7
"art podium ru";64000000;3;13;14;11;1;7;7
"art podium";78000000;2;10;109;29;1;8;8
"дмс стразы что это";21000000;4;18;276;23;1;7;7
"стразы дмс это что";86000000;4;18;269;21;1;7;7
"одежда сценическая";51000000;2;18;294;20;1;9;9
"дмс стразы официальный сайт";126000000;4;27;40;10;1;7;7
"dmc стразы";132000000;2;10;385;38;1;7;7
"ателье подиум";25000000;2;13;72;14;1;9;9
"платья на выступления на сцене";79000000;5;30;262;8;1;11;11
"артист интернет магазин";93000000;3;23;39;6;1;10;10
"курсы шитья купальников для художественной гимнастики";95000000;6;53;49;12;1;10;10
"москва подиум магазин";114000000;3;21;238;6;1;10;10
"ателье по пошиву сценических костюмов";67000000;5;37;32;8;1;10;10
"леди фуршет купить";71000000;3;18;20;10;1;11;11
"пошив сценических костюмов";51000000;3;26;500;71;1;10;10
"купить леди фуршет";81000000;3;18;20;10;1;10;10
"пошив сценических костюмов в москве";111000000;5;35;50;22;1;10;10
"танцевальные костюмы сценические";46000000;3;32;75;6;1;10;10
"подиум интернет магазин";85000000;3;23;3159;225;1;10;10
"ателье арт";89000000;2;10;1341;49;1;10;10
"интернет магазин подиум шоп";124000000;4;27;16;15;1;11;11
"подиум шоп магазин";99000000;3;18;42;20;1;10;10
"стразы дмс официальный сайт";135000000;4;27;37;9;1;9;9
"артист ателье";52000000;2;13;40;8;1;11;11
"подиум шоп";46000000;2;10;139;57;1;14;14
"одежда подиум интернет магазин";121000000;4;30;422;11;1;13;13
"интернет магазин подиум";84000000;3;23;3159;225;1;13;13
"сценическая одежда для танцев";68000000;4;29;12;9;1;13;13
"стразы dmc купить";121000000;3;17;118;15;1;13;13
"подиум магазин";59000000;2;14;6036;218;1;14;14
"пошив сценической одежды";59000000;3;24;44;14;1;12;12
"пошив купальников для художественной гимнастики курсы";96000000;6;53;68;16;1;13;13
"пошив сценического костюма";52000000;3;26;500;8;1;12;12
"декабристов 20 курсы кройки и шитья";159000000;6;35;18;14;1;13;13
"камни дмс";66000000;2;9;48;6;1;11;11
"техникум кройки и шитья";26000000;4;23;55;10;1;12;12
"сценические танцевальные костюмы";45000000;3;32;71;6;1;13;13
"магазин для актеров";80000000;3;19;595;6;1;12;12
"купить стразы dmc в москве";230000000;5;26;17;7;1;11;11
"подиум одежда";50000000;2;13;1774;26;1;14;14
"интернет магазин podium";85000000;3;23;882;25;1;16;16
"высотина нинель контакты";8000000;3;24;10;10;1;15;15
"платья сценические";42000000;2;18;403;6;1;14;14
"dmc стразы купить в москве";170000000;5;26;17;7;1;15;15
"купить стразы dmc";108000000;3;17;114;12;1;15;15
"мастерская сценических костюмов москва";115000000;4;38;7;7;1;15;15
"платье сценическое";42000000;2;18;403;10;1;14;14
"курсы кройки и шитья на сухаревской с костюм";160000000;8;44;20;20;1;15;15
"сценические костюмы танцевальные";46000000;3;32;85;6;1;14;14
"стразы дмс купить";68000000;3;17;76;10;1;15;15
"шоп подиум интернет магазин";131000000;4;27;26;20;1;14;14
"ателье артист";50000000;2;13;45;7;1;14;14
"детские костюмы для выступления на сцене";129000000;6;40;37;7;1;15;15
"интернет магазин артист";93000000;3;23;39;6;1;14;14
"арт костюм";104000000;2;10;4338;21;1;14;14
"podium интернет магазин";82000000;3;23;882;25;1;16;16
"интермоданн интернет магазин подиум люкс";110000000;5;40;64;64;1;19;19
"пошив театральных костюмов";53000000;3;26;237;13;1;18;18
"курс шитья купальников для художественной гимнастики";92000000;6;52;45;7;1;17;17
"стразы корейские";17000000;2;16;87;12;1;18;18
"стразы dmc купить в интернет магазине";211000000;6;37;15;13;1;18;18
"дмс стразы купить";80000000;3;17;80;10;1;18;18
"пошив танцевальных костюмов";52000000;3;27;381;38;1;17;17
"пошив одежда сцены";84000000;3;18;106;42;1;18;18
"купить стразы дмс";80000000;3;17;80;10;1;17;17
"арт костюмы";106000000;2;11;4338;13;1;18;18
"пошив танцевальной одежды";59000000;3;25;155;47;1;17;17
"костюм арт";106000000;2;10;4338;21;1;17;17
"dmc стразы купить";109000000;3;17;114;12;1;18;18
"курсы пошив купальников для художественной гимнастики";97000000;6;53;44;7;1;17;17
"костюмы арт";112000000;2;11;4338;13;1;16;16
"podium магазин";61000000;2;14;1097;37;1;19;19
"танцевальные костюмы";41000000;2;20;6822;158;1;22;22
"сценическое платье";44000000;2;18;402;10;1;21;21
"магазин podium";61000000;2;14;1096;37;1;21;21
"сценические платья";43000000;2;18;402;6;1;21;21
"одежда для выступлений на сцене";89000000;5;31;88;17;1;21;21
"магазин подиум";60000000;2;14;6113;217;1;22;22
"стразы dmc корея официальный сайт";210000000;5;33;29;29;1;20;20
"подиум сайт";88000000;2;11;1259;19;1;21;21
"магазин подиум шоп";95000000;3;18;42;20;1;20;20
"курсы по шитью свадебных платьев";123000000;5;32;45;13;1;21;21
"курсы пошива платьев";99000000;3;20;174;6;1;19;19
"цена леди фуршет";63000000;3;16;41;23;1;20;20
"детские платья для сцены";128000000;4;24;23;6;1;21;21
"арт модника";77000000;2;11;111;14;1;20;20
"стразы купить dmc";125000000;3;17;101;26;1;19;19
"стразы dmc оптом";75000000;3;16;30;16;1;22;22
"костюмы театральные пошив";49000000;3;25;237;6;1;24;24
"колледж кройки и шитья";49000000;4;22;137;10;1;24;24
"пошив костюмов танцевальных";55000000;3;27;301;39;1;23;23
"ателье по пошиву танцевальных костюмов";68000000;5;38;181;10;1;24;24
"курсы шитья платья";100000000;3;18;162;9;1;23;23
"стразы купить дмс";110000000;3;17;65;6;1;24;24
"магазин кройки и шитья москва";183000000;5;29;47;10;1;22;22
"dmc стразы оптом";77000000;3;16;31;16;1;23;23
"купить театральный подиум";63000000;3;25;15;9;1;22;22
"подиум официальный сайт";77000000;3;23;1071;14;1;24;24
"стразы дмс купить интернет магазин официальный сайт";238000000;7;51;15;15;1;22;22
"арт модников";73000000;2;12;111;9;1;22;22
"стразы dmc купить в москве";236000000;5;26;19;8;1;24;24
"театральный подиум купить";54000000;3;25;13;7;1;22;22
"подиум шоп интернет магазин";133000000;4;27;17;16;1;22;22
"подиум магазин каталог";70000000;3;22;253;6;1;24;24
"техникум шитья и кройки";27000000;4;23;63;8;1;26;26
"atelier art";87000000;2;11;91;12;1;26;26
"podium";100000000;1;6;12218;422;1;26;26
"одежда для выступления на сцене";85000000;5;31;88;12;1;26;26
"костюмы для выступлений на сцене";83000000;5;32;244;33;1;26;26
"костюм для сцены";64000000;3;16;1415;8;1;26;26
"стразы оптом dmc";74000000;3;16;30;16;1;25;25
"пошив сценических костюмов на заказ";74000000;5;35;63;34;1;26;26
"артист магазин москва";111000000;3;21;25;11;1;25;25
"подиум платья";43000000;2;13;1895;17;1;26;26
"фуршет леди цена";70000000;3;16;28;18;1;25;25
"москва пошив бальных платьев";112000000;4;28;85;12;1;25;25
"стразы аналог сваровски";45000000;3;23;51;11;1;26;26
"артист арт салон";121000000;3;16;21;7;1;25;25
"подиум трикотаж";20000000;2;15;158;6;1;24;24
"подиум агентство";33000000;2;16;154;7;1;26;26
"ателье костюмер москва бальные танцы";100000000;5;36;14;13;1;28;28
"пошив театральные костюмы";53000000;3;25;237;6;1;27;27
"корейские стразы";17000000;2;16;84;12;1;27;27
"арт ателье";88000000;2;10;1341;49;1;28;28
"арт подиум свадебный";81000000;3;20;128;9;1;27;27
"платья подиум";43000000;2;13;1895;17;1;28;28
"сайт подиум";88000000;2;11;1289;19;1;27;27
"арт страз ру";129000000;3;12;15;11;1;27;27
"шитья курсы для детей";116000000;4;21;276;12;1;27;27
"магазин подиум каталог";69000000;3;22;253;6;1;27;27
"подиум платье";44000000;2;13;1895;6;1;26;26
"ninelle sport";48000000;2;13;49;15;1;27;27
"леди фуршет цена";58000000;3;16;36;21;1;28;28
"пошив костюмов сценических на заказ";82000000;5;35;32;12;1;27;27
"курсы кройки и шитья для детей в москве";234000000;8;39;8;7;1;26;26
"пошив танцевальных купальников";24000000;3;30;11;9;1;28;28
"купить стразы dmc в интернет магазине";211000000;6;37;15;13;1;31;31
"сколько стоят курсы кройки и шитья";176000000;6;34;34;7;1;30;30
"купить dmc стразы";126000000;3;17;114;12;1;30;30
"подиум театр";29000000;2;12;197;6;1;30;30
"костюмы для pole exotic";58000000;4;23;33;9;1;30;30
"официальный сайт подиум";79000000;3;23;1071;14;1;31;31
"леди фуршет заказать";44000000;3;20;31;9;1;29;29
"колледж шитья и кройки";49000000;4;22;162;10;1;30;30
"артист магазин";82000000;2;14;1020;74;1;30;30
"танцевальные ателье москва";77000000;3;26;20;8;1;30;30
"showroom podium";22000000;2;15;24;18;1;29;29
"платье подиум";42000000;2;13;1895;6;1;29;29
"одежда подиум";52000000;2;13;1790;26;1;31;31
"пошив костюмов театральных";57000000;3;26;205;19;1;30;30
"podium сайт";90000000;2;11;754;6;1;28;28
"костюмы арте";113000000;2;12;4338;10;1;31;31
"аналог стразы сваровски";59000000;3;23;51;6;1;33;33
"арте костюмы";107000000;2;12;4338;10;1;33;33
"стразы корея";39000000;2;12;149;6;1;32;32
"podium одежда";54000000;2;13;140;9;1;33;33
"мск подиум";31000000;2;10;31;27;1;33;33
"арт салон артист";109000000;3;16;21;7;1;33;33
"ателье обучение шитью";49000000;3;21;8;7;1;31;31
"одежда сцены пошив";83000000;3;18;106;42;1;33;33
"кройки и шитья колледж";48000000;4;22;172;11;1;32;32
"нинель спорт интернет магазин";125000000;4;29;27;26;1;33;33
"выставочный подиум купить";55000000;3;25;17;8;1;31;31
"пошив театральных костюмов на заказ";76000000;5;35;82;60;1;32;32
"света данс пошив";44000000;3;16;9;9;1;33;33
"сайт podium";89000000;2;11;754;6;1;32;32
"одежда podium";51000000;2;13;126;9;1;31;31
"магазин артист";78000000;2;14;1020;74;1;34;34
"арт мастер пошив бальных платьев";176000000;5;32;9;9;1;36;36
"ваш подиум одежда";58000000;3;17;8;8;1;35;35
"подиум мск";30000000;2;10;32;28;1;35;35
"показ арт";77000000;2;9;295;55;1;36;36
"стиль дмс";83000000;2;9;24;17;1;35;35
"подиум москва";71000000;2;13;1820;12;1;36;36
"выставочный подиум цена";41000000;3;23;14;13;1;34;34
"podium ru";42000000;2;9;363;19;1;35;35
"заказать леди фуршет";48000000;3;20;31;9;1;34;34
"pole dance pole art";117000000;4;19;50;8;1;35;35
"стразы корейские купить";59000000;3;23;27;14;1;34;34
"магазин артист москва";137000000;3;21;25;11;1;34;34
"костюмы сценические для танцев";59000000;4;30;195;37;1;36;36
"сшить танцевальный костюм";45000000;3;25;87;8;1;34;34
"арт ателье костюмер москва";130000000;4;26;20;15;1;34;34
"art dance pole dance";119000000;4;20;55;8;1;36;36
"сцена интернет магазин";100000000;3;22;385;10;1;39;39
"ru podium";71000000;2;9;363;19;1;38;38
"подиум женская одежда";82000000;3;21;458;11;1;37;37
"платье для сцены";65000000;3;16;1529;8;1;38;38
"нинель спорт";58000000;2;12;142;84;1;38;38
"женские костюмы для сцены";106000000;4;25;52;15;1;39;39
"клуб подиум";77000000;2;11;273;6;1;36;36
"платья для выступлений на сцене";83000000;5;31;262;6;1;37;37
"пошив костюмов для танцевальных коллективов";74000000;5;43;38;15;1;37;37
"арт модник";72000000;2;10;111;25;1;38;38
"театральные костюмы пошив";58000000;3;25;266;6;1;36;36
"дэнс арт";94000000;2;8;630;82;1;37;37
"костюмер ателье танцевальной одежды";64000000;4;35;7;7;1;38;38
"москва подиум";74000000;2;13;1826;13;1;37;37
"подиум компания";46000000;2;15;60;8;1;36;36
"подиум";107000;1;6;176038;2549;1;40;40
"костюмы мужские для сцены";97000000;4;25;35;7;1;42;42
"пошив танцевальных костюмов на заказ";76000000;5;36;420;31;1;42;42
"podium luxe интернет магазин";101000000;4;28;42;10;1;41;41
"костюмы для выступления на сцене для детей";126000000;7;42;48;19;1;42;42
"подиум интернет магазин одежды";125000000;4;30;422;6;1;41;41
"женские платья для выступлений на сцене";122000000;6;39;19;18;1;42;42
"курсы пошива одежды в москве";167000000;5;28;24;9;1;40;40
"флакон курсы шитья";65000000;3;18;16;7;1;41;41
"курсы кройки и шитья в москве для детей";237000000;8;39;8;7;1;40;40
"подиум выставочный купить";57000000;3;25;42;36;1;42;42
"платья для фуршетов";37000000;3;19;84;10;1;40;40
"заказать леди фуршет на корпоратив";66000000;5;34;8;8;1;40;40
"podium showroom";21000000;2;15;24;18;1;42;42
"пошив бальных костюмов";50000000;3;22;151;6;1;40;40
"театральное ателье москва";83000000;3;25;15;14;1;40;40
"жамалетдинова";593000;1;13;3557;66;1;43;43
"косплей ателье москва";75000000;3;21;10;7;1;48;48
"костюмер арт ателье";68000000;3;19;40;24;1;47;47
"подиум магазин воронеж";73000000;3;22;44;13;1;44;44
"магазин танцевальный костюмер";33000000;3;29;437;6;1;47;47
"платья для сцены";65000000;3;16;1529;43;1;46;46
"ателье лана художественная гимнастика";107000000;4;37;36;28;1;48;48
"подиум клуб";72000000;2;11;274;7;1;43;43
"курсы шитья крылатское";62000000;3;22;13;10;1;45;45
"подиум орел магазин";58000000;3;19;20;7;1;43;43
"сценические костюмы";40000000;2;19;5960;179;1;47;47
"костюм для выступления на сцене";81000000;5;31;244;9;1;43;43
"костюм воздушный";54000000;2;16;694;7;1;43;43
"сценический костюм";39000000;2;18;5960;140;1;48;48
"нинель стразы";10000000;2;13;77;38;1;44;44
"одежда для выступлений";54000000;3;22;590;10;1;43;43
"арт ателье костюмер";67000000;3;19;40;24;1;49;49
"костюм дмс";91000000;2;10;253;10;1;49;49
"купить подиум выставочный";57000000;3;25;17;8;1;49;49
"костюмы сценические";41000000;2;19;6051;182;1;50;50
"интернет магазин сцена";92000000;3;22;363;12;1;50;50
